Alice is married under section 7703 for the year 2017. Alice files a joint return with her spouse for 2017. Alice's and her spouse's taxable income for the year 2017 is $103272.	Alice and her spouse have to pay $24543 in taxes for the year 2017 under section 1(a)(iii).	Entailment
Alice is married under section 7703 for the year 2017. Alice files a joint return with her spouse for 2017. Alice's and her spouse's taxable income for the year 2017 is $164612.	Alice and her spouse have to pay $44789 in taxes for the year 2017 under section 1(a)(iii).	Contradiction
Alice is a surviving spouse for the year 2017. Alice's taxable income for the year 2017 is $236422.	Alice has to pay $70640 in taxes for the year 2017 under section 1(a)(iv).	Entailment
Alice is a surviving spouse for the year 2017. Alice's taxable income for the year 2017 is $615572.	Alice has to pay $220295 in taxes for the year 2017 under section 1(a)(iv).	Contradiction
Alice's taxable income for the year 2017 is $210204. Alice is not married, is not a surviving spouse, and is not a head of household in 2017.	Alice has to pay $65445 in taxes for the year 2017 under section 1(c).	Entailment
Alice is married under section 7703 for the year 2017. Alice files a joint return with her spouse for 2017. Alice's and her spouse's taxable income for the year 2017 is $17330.	Alice and her spouse have to pay $2600 in taxes for the year 2017 under section 1(c).	Contradiction
Alice is a head of household for the year 2017. Alice's taxable income for the year 2017 is $1172980.	Alice has to pay $442985 in taxes for the year 2017 under section 1(b)(v).	Entailment
Alice is a head of household for the year 2017. Alice's taxable income for the year 2017 is $194512.	Alice has to pay $57509 in taxes for the year 2017 under section 1(b)(v).	Contradiction
Alice is married under section 7703 for the year 2017. Alice files a joint return with her spouse for 2017. Alice's and her spouse's taxable income for the year 2017 is $684642.	Alice and her spouse have to pay $247647 in taxes for the year 2017 under section 1(a)(v).	Entailment
Alice is married under section 7703 for the year 2017. Alice files a joint return with her spouse for 2017. Alice's and her spouse's taxable income for the year 2017 is $17330.	Alice and her spouse have to pay $2600 in taxes for the year 2017 under section 1(a)(v).	Contradiction
Alice is married under section 7703 for the year 2017. Alice files a joint return with her spouse for 2017. Alice's and her husband's taxable income for the year 2017 is $17330.	Alice and her husband have to pay $2600 in taxes for the year 2017 under section 1(a).	Entailment
Alice is a head of household for the year 2017. Alice's taxable income for the year 2017 is $97407.	Alice has to pay $24056 in taxes for the year 2017 under section 1(a).	Contradiction
Alice is a surviving spouse for the year 2017. Alice's taxable income for the year 2017 is $25561.	Alice has to pay $3834 in taxes for the year 2017 under section 1(a)(i).	Entailment
Alice is a surviving spouse for the year 2017. Alice's taxable income for the year 2017 is $70117.	Alice has to pay $14836 in taxes for the year 2017 under section 1(a)(i).	Contradiction
Alice is married under section 7703 for the year 2017. Alice's taxable income for the year 2017 is $28864. Alice files a separate return.	Alice has to pay $5683 in taxes for the year 2017 under section 1(d)(ii).	Entailment
Alice is married under section 7703 for the year 2017. Alice's taxable income for the year 2017 is $113580. Alice files a separate return.	Alice has to pay $33653 in taxes for the year 2017 under section 1(d)(ii).	Contradiction
Alice is married under section 7703 for the year 2017. Alice's taxable income for the year 2017 is $554313. Alice files a separate return.	Alice has to pay $207772 in taxes for the year 2017 under section 1(d)(v).	Entailment
Alice is married under section 7703 for the year 2017. Alice's taxable income for the year 2017 is $554313. Alice files a separate return.	Alice has to pay $20772 in taxes for the year 2017 under section 1(d)(v).	Contradiction
Alice is a head of household for the year 2017. Alice's taxable income for the year 2017 is $54775.	Alice has to pay $11489 in taxes for the year 2017 under section 1(b)(ii).	Entailment
Alice is a head of household for the year 2017. Alice's taxable income for the year 2017 is $9560.	Alice has to pay $1434 in taxes for the year 2017 under section 1(b)(ii).	Contradiction
Alice's taxable income for the year 2017 is $22895. Alice is not married, is not a surviving spouse, and is not a head of household in 2017.	Alice has to pay $3538 in taxes for the year 2017 under section 1(c)(ii).	Entailment
Alice's taxable income for the year 2017 is $7748. Alice is not married, is not a surviving spouse, and is not a head of household in 2017.	Alice has to pay $1162 in taxes for the year 2017 under section 1(c)(ii).	Contradiction
Alice is married under section 7703 for the year 2017. Alice's taxable income for the year 2017 is $6662. Alice files taxes separately in 2017.	Alice has to pay $999 in taxes for the year 2017 under section 1(d)(i).	Entailment
Alice is married under section 7703 for the year 2017. Alice's taxable income for the year 2017 is $67285. Alice files taxes separately in 2017.	Alice has to pay $17123 in taxes for the year 2017 under section 1(d)(i).	Contradiction
Alice's taxable income for the year 2017 is $102268. Alice is not married, is not a surviving spouse, and is not a head of household in 2017.	Alice has to pay $27225 in taxes for the year 2017 under section 1(c)(iii).	Entailment
Alice's taxable income for the year 2017 is $22895. Alice is not married, is not a surviving spouse, and is not a head of household in 2017.	Alice has to pay $3538 in taxes for the year 2017 under section 1(c)(iii).	Contradiction
Alice is married under section 7703 for the year 2017. Alice files a joint return with her spouse for 2017. Alice's and her spouse's taxable income for the year 2017 is $42876.	Alice and her spouse have to pay $7208 in taxes for the year 2017 under section 1(a)(ii).	Entailment
Alice is married under section 7703 for the year 2017. Alice files a joint return with her spouse for 2017. Alice's and her spouse's taxable income for the year 2017 is $103272.	Alice and her spouse have to pay $24543 in taxes for the year 2017 under section 1(a)(ii).	Contradiction
Alice's taxable income for the year 2017 is $7748. In 2017, Alice is not married, is not a surviving spouse, and is not a head of household.	Alice has to pay $1162 in taxes for the year 2017 under section 1(c)(i).	Entailment
Alice's taxable income for the year 2017 is $718791. In 2017, Alice is not married, is not a surviving spouse, and is not a head of household.	Alice has to pay $265413 in taxes for the year 2017 under section 1(c)(i).	Contradiction
Alice is married under section 7703 for the year 2017. Alice files a joint return with her spouse for 2017. Alice's and her spouse's taxable income for the year 2017 is $164612.	Alice and her spouse have to pay $44789 in taxes for the year 2017 under section 1(a)(iv).	Entailment
Alice is married under section 7703 for the year 2017. Alice files a joint return with her spouse for 2017. Alice's and her spouse's taxable income for the year 2017 is $684642.	Alice and her spouse have to pay $247647 in taxes for the year 2017 under section 1(a)(iv).	Contradiction
Alice's taxable income for the year 2017 is $718791. Alice is not married, is not a surviving spouse, and is not a head of household in 2017.	Alice has to pay $265413 in taxes for the year 2017 under section 1(c)(v).	Entailment
Alice's taxable income for the year 2017 is $210204. Alice is not married, is not a surviving spouse, and is not a head of household in 2017.	Alice has to pay $65445 in taxes for the year 2017 under section 1(c)(v).	Contradiction
Alice is a surviving spouse for the year 2017. Alice's taxable income for the year 2017 is $70117.	Alice has to pay $14836 in taxes for the year 2017 under section 1(a).	Entailment
Alice's taxable income for the year 2017 is $210204. Alice is not married, is not a surviving spouse, and is not a head of household in 2017.	Alice has to pay $65445 in taxes for the year 2017 under section 1(a).	Contradiction
Alice is a surviving spouse for the year 2017. Alice's taxable income for the year 2017 is $615572.	Alice has to pay $220295 in taxes for the year 2017 under section 1(a)(v).	Entailment
Alice is a surviving spouse for the year 2017. Alice's taxable income for the year 2017 is $25561.	Alice has to pay $3834 in taxes for the year 2017 under section 1(a)(v).	Contradiction
Alice's taxable income for the year 2017 is $210204. In 2017, Alice is not married, is not a surviving spouse, and is not a head of household.	Alice has to pay $65445 in taxes for the year 2017 under section 1(c)(iv).	Entailment
Alice's taxable income for the year 2017 is $102268. In 2017, Alice is not married, is not a surviving spouse, and is not a head of household.	Alice has to pay $27225 in taxes for the year 2017 under section 1(c)(iv).	Contradiction
Alice's income in 2015 is $100000. She gets one exemption of $2000 for the year 2015 under section 151(c). Alice is not married.	Alice's total exemption for 2015 under section 151(a) is equal to $4000.	Entailment
Alice's income in 2015 is $100000. She gets one exemption of $2000 for the year 2015 under section 151(c). Alice is not married.	Alice's total exemption for 2015 under section 151(a) is equal to $6000.	Contradiction
Alice's income in 2015 is $276932. Alice is not married. The applicable amount according to section 68(b) is $250000.	Under section 151(d)(3)(B), the applicable percentage for Alice for 2015 is equal to 22.	Entailment
Alice's income in 2015 is $395276. The applicable amount according to section 68(b) is $250000.	Under section 151(d)(3)(B), the applicable percentage for Alice for 2015 is equal to 118.	Contradiction
Alice is entitled to an exemption under section 151(b) for the year 2018.	The exemption amount of Alice's exemption is equal to $0 under section 151(d)(5)(A).	Entailment
Alice is entitled to an exemption under section 151(b) for the year 2018.	The exemption amount of Alice's exemption is equal to $2000 under section 151(d)(5)(A).	Contradiction
Alice and Bob have been married since 2 Feb 2015. Bob has no income for 2015.	Alice can receive an exemption for Bob under section 151(b) for the year 2015.	Entailment
Alice and Bob have been married since 2 Feb 2015. Bob has no income for 2015. Alice and Bob file their taxes jointly for 2015.	Alice can receive an exemption for Bob under section 151(b) for the year 2015.	Contradiction
Alice is entitled to an exemption under section 151(c) for Bob for the year 2015.	Under section 151(d)(2), Bob's exemption amount for the year 2015 is equal to $0.	Entailment
Alice is entitled to an exemption under section 151(d) for Bob for the year 2015.	Under section 151(d)(2), Bob's exemption amount for the year 2015 is equal to $2000.	Contradiction
Bob is Alice's father since April 15th, 2014.	Alice bears a relationship to Bob under section 152(d)(2)(A).	Entailment
Bob is Alice's brother since April 15th, 2014.	Alice bears a relationship to Bob under section 152(d)(2)(A).	Contradiction
Alice has a son, Bob. From September 1st, 2015 to November 3rd, 2019, Alice and Bob lived in the same home.	Section 152(c)(1)(B) applies to Bob with Alice as the taxpayer for the year 2016.	Entailment
Alice has a son, Bob. From September 1st, 2015 to November 3rd, 2019, Alice and Bob lived in the same home.	Section 152(c)(1)(B) applies to Bob with Alice as the taxpayer for the year 2015.	Contradiction
Alice has a son, Bob. From September 1st, 2015 to November 3rd, 2019, Alice and Bob lived in the same home. Bob married Charlie on October 23rd, 2018. Bob satisfied section 152(c)(2) and 152(c)(3) with Alice as the taxpayer for the years 2015 to 2020.	Under section 152(c)(1), Bob is a qualifying child of Alice for the year 2019.	Entailment
Alice has a son, Bob. From September 1st, 2015 to February 3rd, 2019, Alice and Bob lived in the same home. Bob married Charlie on October 23rd, 2018. Bob bears a relationship to Alice pursuant to section 152(c)(2) for the years 2015 to 2020.	Under section 152(c)(1), Bob is a qualifying child of Alice for the year 2019.	Contradiction
Alice was born January 10th, 1992. Bob was born January 31st, 2014. Alice adopted Bob on March 4th, 2018.	Bob satisfies section 152(c)(3) with Alice claiming Bob as a qualifying child for the year 2019.	Entailment
Alice was born January 10th, 1992. Bob was born January 31st, 1984. Alice adopted Bob on March 4th, 2018.	Bob satisfies section 152(c)(3) with Alice claiming Bob as a qualifying child for the year 2019.	Contradiction
Alice and Bob got married on Jan 1st, 2015. They file a joint return for the year 2015.	Section 152(b)(2) applies to Alice for the year 2015.	Entailment
Alice and Bob got married on Jan 1st, 2015. Alice and Bob file separately in 2015.	Section 152(b)(2) applies to Alice the year 2015.	Contradiction
Charlie is Bob's father since April 15th, 2014. Alice is Charlie's sister since October 12th, 1992.	Alice bears a relationship to Bob under section 152(d)(2)(F).	Entailment
Charlie is Bob's father since April 15th, 2014. Alice married Charlie on October 12th, 1992.	Alice bears a relationship to Bob under section 152(d)(2)(F).	Contradiction
Alice and Bob started living together on April 15th, 2014. Alice and Bob are not married.	Alice bears a relationship to Bob under section 152(d)(2)(H) for the year 2018.	Entailment
Bob is Alice's father since April 15th, 1994. In 2015, Alice and Bob live in separate houses.	Alice bears a relationship to Bob under section 152(d)(2)(H) for the year 2015.	Contradiction
Alice has a son, Bob. From September 1st, 2015 to November 3rd, 2019, Alice and Bob lived in the same home. Bob married Charlie on October 23rd, 2018. Bob and Charlie file separate returns.	Section 152(c)(1)(E) applies to Bob for the year 2019.	Entailment
Alice has a son, Bob. From September 1st, 2015 to November 3rd, 2019, Alice and Bob lived in the same home. Bob married Charlie on October 23rd, 2018. Bob and Charlie filed a joint return for the year 2019.	Section 152(c)(1)(E) applies to Bob for the year 2019.	Contradiction
Alice has a son, Bob, who was born January 31st, 2014.	Bob bears a relationship to Alice under section 152(c)(2)(A).	Entailment
Alice has a brother, Bob, who was born January 31st, 2014.	Bob bears a relationship to Alice under section 152(c)(2)(A).	Contradiction
Charlie is Bob's father since April 15th, 1995. Dorothy is Bob's mother. Alice married Charlie on August 8th, 2018.	Alice bears a relationship to Bob under section 152(d)(2)(D) for the year 2019.	Entailment
Charlie is Alice's father since April 15th, 2014. Bob is Charlie's brother since October 12th, 1992.	Alice bears a relationship to Bob under section 152(d)(2)(D) for the year 2018.	Contradiction
In 2015, Alice did not have any income. The exemption amount for Alice under section 151(d) for the year 2015 was $2000.	Section 152(d)(1)(B) applies to Alice for the year 2015.	Entailment
In 2015, Alice's income was $2312. The exemption amount for Alice under section 151(d) for the year 2015 was $2000.	Section 152(d)(1)(B) applies to Alice for the year 2015.	Contradiction
Bob is Alice's brother since April 15th, 2014.	Alice bears a relationship to Bob under section 152(d)(2)(B) for the year 2015.	Entailment
Bob is Alice's son since April 15th, 2014.	Alice bears a relationship to Bob under section 152(d)(2)(B) for the year 2015.	Contradiction
Alice has a son, Bob, who was born January 31st, 2014.	Bob bears a relationship to Alice under section 152(c)(2).	Entailment
Alice has a son, Bob, who was born January 31st, 2014.	Alice bears a relationship to Bob under section 152(c)(2).	Contradiction
Alice and Bob got married on Feb 3rd, 1992. Alice and Bob have a child, Charlie, born October 9th, 2000. Alice died on July 9th, 2014. From 2004 to 2019, Bob furnished the costs of maintaining the home where he and Charlie lived during that time.	Section 2(b)(1)(A)(i) applies to Bob in 2018.	Entailment
Alice and Bob got married on Feb 3rd, 1992. Alice and Bob have a child, Charlie, born October 9th, 2000. Alice died on July 9th, 2014. From 2004 to 2019, Bob furnished the costs of maintaining the home where he and Charlie lived during that time. Charlie married Dan on Feb 14th, 2018. Section 152(b)(2) applies to Bob as the dependent and Charlie as the taxpayer for 2018.	Section 2(b)(1)(A)(i) applies to Bob in 2018.	Contradiction
Alice and Bob got married on Feb 3rd, 1992. Alice and Bob were legally separated under a decree of separate maintenance on July 9th, 2014.	Section 2(b)(2)(A) applies to Alice and Bob's marriage in 2018.	Entailment
Alice and Bob got married on Feb 3rd, 1992. Alice and Bob were legally separated under a decree of separate maintenance on July 9th, 2014.	Section 2(b)(2)(A) applies to Alice and Bob's marriage in 2010.	Contradiction
Alice and Bob got married on Feb 3rd, 1992. Alice died on July 9th, 2014. From 2004 to 2019, Bob furnished the costs of maintaining the home where he and and his father Charlie lived during that time. Bob is entitled to a deduction for Charlie under section 151(c) for the years 2015 to 2019.	Section 2(b)(1)(B) applies to Bob in 2018.	Entailment
Alice and Bob got married on Feb 3rd, 1992. Alice and Bob have a child, Charlie, born October 9th, 2000. Alice died on July 9th, 2014. From 2004 to 2019, Bob furnished the costs of maintaining the home where he and Charlie lived during that time. Bob is entitled to a deduction for Charlie under section 151(c) for the years 2015 to 2019.	Section 2(b)(1)(B) applies to Bob in 2018.	Contradiction
Alice and Bob got married on Feb 3rd, 1992. Alice died on July 9th, 2014.	Section 2(b)(2)(C) applies to Bob in 2014.	Entailment
Alice and Bob got married on Feb 3rd, 1992. Alice was a nonresident alien. Alice died on July 9th, 2014.	Section 2(b)(2)(C) applies to Bob in 2014.	Contradiction
Alice and Bob got married on Feb 3rd, 1992. Alice died on July 9th, 2014.	Section 2(a)(1)(A) applies to Bob in 2015.	Entailment
Alice and Bob got married on Feb 3rd, 1992. Alice died on July 9th, 2014.	Section 2(a)(1)(A) applies to Bob in 2014.	Contradiction
Alice and Bob got married on Feb 3rd, 1992. Alice died on July 9th, 2014.	Section 2(a)(2)(B) applies to Bob in 2014.	Entailment
Alice and Bob got married on Feb 3rd, 1992. Alice died on July 9th, 2014. Alice was a nonresident alien since March 4th, 1990.	Section 2(a)(2)(B) applies to Bob in 2014.	Contradiction
Alice and Bob got married on Feb 3rd, 1992. Alice died on July 9th, 2014. From 2004 to 2019, Bob furnished the costs of maintaining the home where he and and his father Charlie lived during that time. Bob is entitled to a deduction for Charlie under section 151(c) for the years 2015 to 2019.	Section 2(b)(1) applies to Bob in 2018.	Entailment
Alice and Bob got married on Feb 3rd, 1992. Alice died on July 9th, 2014. From 2004 to 2019, Bob furnished the costs of maintaining the home where he and his son Charlie lived during that time. Bob is entitled to a deduction for Charlie under section 151(c) for the years 2015 to 2019.	Section 2(b)(1) applies to Bob in 2016.	Contradiction
Alice and Bob got married on Feb 3rd, 1992. Alice and Bob have a child, Charlie, born October 9th, 2000. Alice died on July 9th, 2014. From 2004 to 2019, Bob furnished the costs of maintaining the home where he and Charlie lived during that time. Charlie was a qualifying child of Bob under section 152(c) from 2004 to 2019.	Section 2(b)(1)(A) applies to Bob in 2018.	Entailment
Alice and Bob got married on Feb 3rd, 1992. Alice and Bob have a child, Charlie, born October 9th, 2000. Alice died on July 9th, 2014. From 2004 to 2019, Bob furnished 40% of the costs of maintaining the home where he and Charlie lived during that time. Charlie is not the dependent of Bob under section 152(b)(2).	Section 2(b)(1)(A) applies to Bob in 2018.	Contradiction
Alice and Bob got married on Feb 3rd, 1992. Bob has a brother, Charlie, born October 9th, 2000. Alice died on July 9th, 2014. From 2004 to 2019, Bob furnished the costs of maintaining the home where he and Charlie lived during that time. From 2015 to 2019, Bob was entitled to a deduction for Charlie under section 151(c). In 2017, Bob earned $5254312.	Section 2(b)(1)(A)(ii) applies to Bob in 2017.	Entailment
Alice and Bob got married on Feb 3rd, 1992. Bob has a brother, Charlie, born October 9th, 2000. Alice died on July 9th, 2014. From 2004 to 2019, Bob furnished the costs of maintaining the home where he and Charlie lived during that time. In 2017, Charlie earned $312489. In 2017, Charlie filed a joint return with his spouse whom he married on Dec 1st, 2016.	Section 2(b)(1)(A)(ii) applies to Bob in 2017.	Contradiction
Alice and Bob got married on Feb 3rd, 1992. Alice and Bob have a child, Charlie, born October 9th, 2000. Alice died on July 9th, 2014. From 2004 to 2017, Bob furnished the costs of maintaining the home where he and Charlie lived during that time. From 2014 to 2017, Bob was entitled to a deduction for Charlie under section 151. Bob's income in 2016 was $553252.	Section 2(a)(1)(B) applies to Bob in 2016.	Entailment
Alice and Bob got married on Feb 3rd, 1992. Alice has a child, Charlie, born October 9th, 2000. Alice died on July 9th, 2021. From 2011 to 2024, Bob furnished the costs of maintaining the home where he and Charlie lived during that time. In 2020, Charlie filed a joint return with his spouse whom he married on Dec 1st, 2019. Charlie earned $312489 in 2020.	Section 2(a)(1)(B) applies to Bob in 2020.	Contradiction
Alice has paid $3200 to Bob for work done from Feb 1st, 2017 to Sep 2nd, 2017, in Caracas, Venezuela. Bob is an American citizen and Alice is an American employer.	Section 3306(c)(B) applies to Alice employing Bob for the year 2017.	Entailment
Alice has paid $3200 to Bob for work done from Feb 1st, 2017 to Sep 2nd, 2017, in Caracas, Venezuela. Alice is a citizen of Venezuela, and Bob is an American citizen.	Section 3306(c)(B) applies to Alice employing Bob for the year 2017.	Contradiction
Alice has paid $45252 to Bob for work done in the year 2017. In 2017, Alice has also paid $9832 into a retirement fund for Bob, and $5322 into health insurance for Bob.	Section 3306(b)(2)(A) applies to the payment Alice made to the health insurance fund for the year 2017.	Entailment
Alice has paid $45252 to Bob for work done in the year 2017. In 2017, Alice has also paid $9832 into a retirement fund for Bob, and $5322 into health insurance for Charlie, who is Alice's father and has retired in 2016.	Section 3306(b)(2)(A) applies to the payment Alice made to Bob for the year 2017.	Contradiction
Alice has paid $3200 in cash to Bob for work done from Feb 1st, 2017 to Sep 2nd, 2017 for agricultural labor. Bob has paid $4200 in cash to Alice for work done from Apr 1st, 2017 to Sep 2nd, 2018, for domestic service in his home.	Section 3306(a)(3) applies to Bob for the year 2018.	Entailment
Alice has paid $3200 in cash to Bob for work done from Feb 1st, 2017 to Sep 2nd, 2017 for agricultural labor. Bob has paid $4200 in cash to Alice for work done from Apr 1st, 2017 to Sep 2nd, 2018, for domestic service in his home.	Section 3306(a)(3) applies to Alice for the year 2017.	Contradiction
Alice has employed Bob from Jan 2nd, 2011 to Oct 10, 2019. On Oct 10, 2019 Bob was diagnosed as disabled and retired. Alice paid Bob $12980 because she had to terminate their contract due to Bob's disability, using the disability plan set up for all of Alice's employees.	Section 3306(b)(10)(B) applies to the payment of $12980 that Alice made in 2019.	Entailment
Alice has employed Bob from Jan 2nd, 2011 to Oct 10, 2019. On Oct 10, 2019 Bob was diagnosed as disabled and retired. Alice paid Bob $12980 because she had to terminate their contract due to Bob's disability. Alice had no plan established to provide for her employees' disabilities.	Section 3306(b)(10)(B) applies to the payment of $12980 that Alice made in 2019.	Contradiction
Alice has paid wages of $3200 to Bob for work done from Feb 1st, 2017 to Sep 2nd, 2017. Bob has paid wages of $4500 to Alice for work done from Apr 1st, 2017 to Sep 2nd, 2018.	Section 3306(a)(1)(A) make Alice an employer for the year 2017.	Entailment
Alice has paid wages of $3200 to Bob for work done from Feb 1st, 2017 to Sep 2nd, 2017. Bob has paid wages of $4500 to Alice for work done from Apr 1st, 2017 to Sep 2nd, 2018.	Section 3306(a)(1)(A) make Alice an employer for the year 2019.	Contradiction
Alice was paid $200 in 2017 for services performed in jail. Alice was committed to jail from January 24, 2015 to May 5th, 2019.	Section 3306(c)(21) applies to Alice's employment situation in 2017.	Entailment
Alice was paid $200 in 2017 for services performed in a hospital. Alice was committed to a psychiatric hospital from January 24, 2015 to May 5th, 2019.	Section 3306(c)(21) applies to Alice's employment situation in 2017.	Contradiction
Alice's husband, Bob, was paid $3200 in 2017 for services performed for Johns Hopkins University. Alice was enrolled at Johns Hopkins University and attending classes from August 29, 2015 to May 30th, 2019.	Section 3306(c)(10)(A)(ii) applies to Bob's employment situation in 2017.	Entailment
Alice's father, Bob, was paid $3200 in 2017 for services performed for Johns Hopkins University. Alice was enrolled at Johns Hopkins University and attending classes from August 29, 2015 to May 30th, 2019.	Section 3306(c)(10)(A)(ii) applies to Bob's employment situation in 2017.	Contradiction
Alice was paid $3200 in 2017 for services performed for Johns Hopkins University. Alice was enrolled at Johns Hopkins University and attending classes from August 29, 2015 to May 30th, 2019.	Section 3306(c)(10)(A)(i) applies to Alice's employment situation in 2017.	Entailment
Alice was paid $3200 in 2017 for services performed for Johns Hopkins University. Alice was enrolled at Johns Hopkins University and attending classes from August 27, 2011 to May 29th, 2016.	Section 3306(c)(10)(A)(i) applies to Alice's employment situation in 2017.	Contradiction
Alice has paid wages of $300 to Bob for work done from Feb 1st, 2017 to Sep 2nd, 2017, in Baltimore, Maryland, USA for domestic service in her home.	Section 3306(c)(2) applies to Alice employing Bob for the year 2017.	Entailment
Alice has paid wages of $3200 to Bob for work done from Feb 1st, 2017 to Sep 2nd, 2017, in Baltimore, Maryland, USA for domestic service in her home.	Section 3306(c)(2) applies to Alice employing Bob for the year 2017.	Contradiction
Alice was paid $73200 in 2017 as an employee of the International Monetary Fund in Washington, D.C., USA.	Section 3306(c)(16) applies to Alice's employment situation in 2017.	Entailment
Alice was paid $73200 in 2017 as an employee of the United States Government in Arlington, Virginia, USA.	Section 3306(c)(16) applies to Alice's employment situation in 2017.	Contradiction
Alice has paid wages of $3200 to Bob for work done from Feb 1st, 2017 to Sep 2nd, 2017 for domestic service. In 2018, Bob has paid wages of $4500 to Alice for work done from Apr 1st, 2017 to Sep 2nd, 2018.	Bob is an employer under section 3306(a)(1) for the year 2018.	Entailment
Alice has paid $3200 to Bob for work done from Feb 1st, 2017 to Sep 2nd, 2017 for domestic service. Bob has paid $4500 to Alice for work done from Apr 1st, 2017 to Sep 2nd, 2018.	Alice is an employer under section 3306(a)(1) for the year 2018.	Contradiction
Alice has been running a typewriter factory since February 1st, 2016. Bob is an employee at the typewriter factory. On October 2nd 2017, Alice has given a typewriter of value $323 to Bob in exchange for Bob painting Alice's house.	Section 3306(b)(7) applies to the payment Alice made to Bob.	Entailment
Alice has been running a typewriter factory since February 1st, 2016. Bob is an employee at the typewriter factory. On October 2nd 2017, Alice has paid Bob $323 for painting her house.	Section 3306(b)(7) applies to the payment Alice made to Bob.	Contradiction
Alice has paid $3200 to Bob for work done from Feb 1st, 2017 to Sep 2nd, 2017, in Baltimore, Maryland, USA.	Section 3306(c)(A) applies to Alice employing Bob for the year 2017.	Entailment
Alice has paid $3200 to Bob for work done from Feb 1st, 2017 to Sep 2nd, 2017, in Toronto, Ontario, Canada.	Section 3306(c)(A) applies to Alice employing Bob for the year 2017.	Contradiction
Alice has paid $23200 in remuneration to Bob for work done from Feb 1st, 2017 to Sep 2nd, 2017, in Caracas, Venezuela, for agricultural labor. Alice is an American employer.	Section 3306(c)(1)(A)(i) applies to Alice employing Bob for the year 2017.	Entailment
Alice has paid $2300 to Bob for work done from Feb 1st, 2017 to Sep 2nd, 2017, in Caracas, Venezuela, for agricultural labor. Alice and Bob are both American citizens.	Section 3306(c)(1)(A)(i) applies to Alice employing Bob for the year 2017.	Contradiction
Alice has employed Bob, Cameron, Dan, Emily, Fred and George for agricultural labor on various occasions during the year 2017: - Jan 24: B, C, D, E and F - Feb 4: B, C, D, E and F - Mar 3: B, C, D, E and F - Mar 19: C, D, E, F and G - Apr 2: B, C, D, F and G - May 9: C, D, E, F and G - Oct 15: B, C, D, E and G - Oct 25: B, C, D, E, F and G - Nov 8: B, C, E, F and G - Nov 22: B, C, D, E and F - Dec 1: B, C, D, E and G - Dec 3: B, C, D, E and G	Section 3306(a)(2)(B) applies to Alice for the year 2017.	Entailment
Alice has employed Bob, Cameron, Dan, Emily, Fred and George for agricultural labor on various occasions during the year 2017: - Jan 24: B, C, D, E and F - Feb 4: B, C and F - Mar 3: B, C, D, E and F - Mar 19: C, D, E, F and G - Apr 2: B, C, D, F and G - May 9: C, D, E, F and G - Oct 15: B, C, D, E and G - Oct 25: B, E, F and G - Nov 8: B, C, E, F and G - Nov 22: B, C, D, E and F - Dec 1: B, C, D, E and G - Dec 3: B, C, D, E and G	Section 3306(a)(2)(B) applies to Alice for the year 2017.	Contradiction
Alice has employed Bob from Jan 2nd, 2011 to Oct 10, 2019. On Oct 10, 2019 Bob was diagnosed as disabled and retired. Alice paid Bob $12980 because she had to terminate their contract due to Bob's disability.	Section 3306(b)(10)(A) applies to the payment of $12980 that Alice made in 2019.	Entailment
Alice has employed Bob from Jan 2nd, 2011 to Oct 10, 2019. On Oct 10, 2019 Bob retired because he reached age 65. Alice paid Bob $12980 as a retirement bonus.	Section 3306(b)(10)(A) applies to the payment of $12980 that Alice made in 2019.	Contradiction
Alice was paid $73200 in 2017 as an employee of the United States Government in Arlington, Virginia, USA.	Section 3306(c)(6) applies to Alice's employment situation in 2017.	Entailment
Alice was paid $73200 in 2017 as an employee of Nando's Chicken in Arlington, Virginia, USA.	Section 3306(c)(6) applies to Alice's employment situation in 2017.	Contradiction
Alice has paid $45252 to Bob for work done in the year 2017. In 2017, Alice has also paid $9832 into a retirement fund for Bob, and $5322 into life insurance for Bob.	Section 3306(b)(2)(C) applies to the payment Alice made to the life insurance fund for the year 2017.	Entailment
Alice has paid $45252 to Bob for work done in the year 2017. In 2017, Alice has also paid $9832 into a retirement fund for Bob, and $5322 into life insurance for Charlie, who is Alice's father and has retired in 2016.	Section 3306(b)(2)(C) applies to the payment Alice made to the retirement fund for the year 2017.	Contradiction
Alice has employed Bob on various occasions during the year 2017: - Jan 24 - Feb 4 - Mar 3 - Mar 19 - Apr 2 - May 9 - Oct 15 - Oct 25 - Nov 8 - Nov 22 - Dec 1 - Dec 3	Section 3306(a)(1)(B) applies to Alice for the year 2017.	Entailment
Alice has employed Bob on various occasions during the year 2017: - Jan 24 - Feb 4 - Mar 3 - Mar 19 - Apr 2 - Oct 25 - Nov 8 - Nov 22 - Dec 1 - Dec 3	Section 3306(a)(1)(B) applies to Alice for the year 2017.	Contradiction
Alice has paid $3200 to Bob for work done from Feb 1st, 2017 to Sep 2nd, 2017, in Caracas, Venezuela, for agricultural labor. Alice is an American employer.	Section 3306(c)(1) applies to Alice employing Bob for the year 2017.	Entailment
Alice has paid $3200 to Bob for work done from Feb 1st, 2017 to Sep 2nd, 2017, in Caracas, Venezuela, for domestic service. Alice is an American employer.	Section 3306(c)(1) applies to Alice employing Bob for the year 2017.	Contradiction
In 2017, Alice was paid $33200. Alice was born March 2nd, 1950 and Bob was born March 3rd, 1955.	Under section 63(f)(3), Alice's additional standard deduction in 2017 is equal to $750.	Entailment
In 2017, Alice was paid $33200. Alice was born March 2nd, 1950 and Bob was born March 3rd, 1955.	Under section 63(f)(3), Alice's additional standard deduction in 2017 is equal to $600.	Contradiction
In 2017, Alice was paid $33200. Alice and Bob have been married since Feb 3rd, 2017. Alice has been blind since Feb 28, 2014. In addition, Bob is allowed an exemption for Alice under section 151(b) for the year 2017.	Section 63(f)(2)(B) applies to Bob in 2017.	Entailment
In 2017, Alice was paid $33200. Alice and Bob have been married since Feb 3rd, 2017. Alice has been blind since October 4, 2013. In addition, Alice is allowed an exemption for Bob under section 151(b) for the year 2017.	Section 63(f)(2)(B) applies to Alice in 2017.	Contradiction
In 2017, Alice was paid $33200. She is allowed a deduction under section 63(c)(1) of $2000 for the year 2017, and no deduction under section 151. Alice decides not to itemize her deductions.	Under section 63(b), Alice's taxable income in 2017 is equal to $31200.	Entailment
In 2017, Alice was paid $33200. She is allowed a deduction under section 63(c)(1) of $2000 for the year 2017, and no deduction under section 151. Alice takes the standard deduction.	Under section 63(b), Alice's taxable income in 2017 is equal to $31400.	Contradiction
In 2017, Alice was paid $33200. She is allowed deductions under section 151 of $2000 for the year 2017. She is allowed an itemized deduction of $4252 in 2017.	Under section 63(a), Alice's taxable income in 2017 is equal to $26948.	Entailment
In 2017, Alice was paid $33200. She is allowed a deduction under section 63(c) of $2000 and deductions of $4000 under section 151 for the year 2017.	Under section 63(a), Alice's taxable income in 2017 is equal to $31200.	Contradiction
In 2017, Alice was paid $33200. For the year 2017, Alice is allowed a basic standard deduction under section 63(c)(2) of $2000 and an additional standard deduction of $3000 under section 63(c)(3) for the year 2017.	Under section 63(c)(1), Alice's standard deduction in 2017 is equal to $5000.	Entailment
In 2017, Alice was paid $33200. For the year 2017, Alice is allowed a basic standard deduction under section 63(c)(2) of $2000 and an additional standard deduction of $3000 under section 63(c)(3) for the year 2017.	Under section 63(c)(1), Alice's standard deduction in 2017 is equal to $3000.	Contradiction
In 2017, Alice was paid $33200. Alice is a head of household for 2017.	Under section 63(c)(2)(B), Alice's basic standard deduction in 2017 is equal to $4400.	Entailment
In 2017, Alice was paid $33200. Alice and Bob have been married since Feb 3rd, 2017, and they file a joint return for 2017.	Under section 63(c)(2)(B), Alice's basic standard deduction in 2017 is equal to $4400.	Contradiction
In 2017, Alice was paid $33200. She is allowed a deduction under $1200 for the year 2017 for donating cash to charity.	Alice's deduction for 2017 falls under section 63(d).	Entailment
In 2017, Alice was paid $33200. She is allowed a deduction of $2000 for herself for the year 2017 under section 151(b).	Alice's deduction for 2017 falls under section 63(d).	Contradiction
In 2017, Alice was paid $33200 in remuneration. She is allowed a deduction for herself under section 151 of $2000 for the year 2017.	Alice's deduction for 2017 falls under section 63(d)(2).	Entailment
In 2017, Alice was paid $33200 in remuneration. She is allowed deductions under section 63(c)(3) of $1200 for the year 2017.	Alice's deduction for 2017 falls under section 63(d)(2).	Contradiction
In 2017, Alice was paid $33200. Alice is a surviving spouse for 2017.	Section 63(c)(2)(A)(ii) applies to Alice in 2017.	Entailment
In 2017, Alice was paid $33200. Alice and Bob have been married since Feb 3rd, 2017, and they file a joint return for 2017.	Section 63(c)(2)(A)(ii) applies to Alice in 2017.	Contradiction
From 1973 to 2019, the Walter Brown Family Trust II was considered to be a business trust.	Section 63(c)(6)(D) applies to the Walter Brown Family Trust II for 1999.	Entailment
From 1973 to 2019, the Walter Brown Family Trust II was considered to be a business trust.	Section 63(c)(6)(D) applies to the Walter Brown Family Trust II for 2021.	Contradiction
In 2017, Alice was paid $33200. Alice and Bob have been married since Feb 3rd, 2017. Alice and Bob file separate returns.	Under section 63(c)(2)(C), Alice's basic standard deduction in 2017 is equal to $3000.	Entailment
In 2017, Alice was paid $33200. Alice and Bob have been married since Feb 3rd, 2017, and they file a joint return for 2017.	Under section 63(c)(2)(C), Alice's basic standard deduction in 2017 is equal to $4400.	Contradiction
In 2017, Alice was paid $33200. Alice and Bob have been married since Feb 3rd, 2017. Bob is allowed an itemized deduction of $4324. Alice and Bob file separate returns.	Section 63(c)(6)(A) applies to Alice for 2017.	Entailment
In 2017, Alice was paid $33200. Alice and Bob have been married since Feb 3rd, 2017. Bob and Alice file a joint return for 2017.	Section 63(c)(6)(A) applies to Alice for 2017.	Contradiction
In 2017, Alice was paid $33200. Alice and Bob got married on Feb 3rd, 2017. Alice was a nonresident alien from August 23rd, 2016 to September 15th, 2018.	Section 63(c)(6)(B) applies to Alice for 2017.	Entailment
In 2017, Alice was paid $33200. Alice and Bob got married on Feb 3rd, 2017. Alice was a nonresident alien from August 23rd, 2015 to September 15th, 2016.	Section 63(c)(6)(B) applies to Alice for 2017.	Contradiction
In 2018, Alice's income was $310192. Alice is a surviving spouse for the year 2018. Alice is allowed itemized deductions of $600 under section 63.	Section 68(f) applies to Alice for the year 2018.	Entailment
In 2014, Alice's income was $310192. Alice is a surviving spouse for the year 2014. Alice is allowed itemized deductions of $600 under section 63.	Section 68(f) applies to Alice for the year 2014.	Contradiction
In 2016, Alice's income was $567192. Alice is married for the year 2016 under section 7703. Alice does not file a joint return.	Under section 68(b)(1)(D), Alice's applicable amount for 2016 is equal to $150000.	Entailment
In 2016, Alice's income was $567192. Alice is not married.	Section 68(b)(1)(D) applies to Alice in 2016.	Contradiction
In 2016, Alice's income was $310192. Alice is a surviving spouse for the year 2016. Alice is allowed itemized deductions of $60000 under section 63.	Section 68(a)(1) prescribes a reduction of Alice's itemized deductions for the year 2016 by $306.	Entailment
In 2016, Alice's income was $267192. Alice is a head of household for the year 2016. Alice is allowed itemized deductions of $60000 under section 63.	Section 68(a)(1) prescribes a reduction of Alice's itemized deductions for the year 2016 by $306.	Contradiction
In 2016, Alice's income was $277192. Alice is a head of household for the year 2016. Alice is allowed itemized deductions of $60000 under section 63.	Section 68(a)(2) prescribes a reduction of Alice's itemized deductions for the year 2016 by $48000.	Entailment
In 2016, Alice's income was $295192. Alice is a surviving spouse for the year 2016. Alice is allowed itemized deductions of $60000 under section 63.	Section 68(a)(2) prescribes a reduction of Alice's itemized deductions for the year 2016 by $47000.	Contradiction
Alice and Bob got married on April 5th, 2012. Alice and Bob were legally separated under a decree of divorce on September 16th, 2017.	Section 7703(a)(2) applies to Alice for the year 2018.	Entailment
Alice and Bob got married on April 5th, 2012. Alice and Bob were legally separated under a decree of divorce on September 16th, 2017.	Section 7703(a)(2) applies to Alice for the year 2012.	Contradiction
Alice and Bob got married on April 5th, 2012. Alice and Bob have a son, Charlie, who was born on September 16th, 2017. Alice and Charlie live in a home maintained by Alice since September 16th, 2017. Alice is entitled to a deduction for Charlie under section 151(c) for the years 2017 to 2019. Alice and Bob file a joint return for the years 2017 to 2019.	Section 7703(b)(2) applies to Alice maintaining her home for the year 2018.	Entailment
Alice and Bob got married on April 5th, 2012. Alice and Bob have a son, Charlie, who was born on September 16th, 2017. Alice and Charlie live in a home for which Alice furnished 40% of the maintenance costs, since September 16th, 2017. Alice is entitled to a deduction for Charlie under section 151(c) for the years 2017 to 2019.	Section 7703(b)(2) applies to Alice maintaining her home for the year 2018.	Contradiction
Alice and Bob got married on April 5th, 2012. Alice and Bob have a son, Charlie, who was born on September 16th, 2017. Alice and Charlie live in a home maintained by Alice since September 16th, 2017. Alice is entitled to a deduction for Charlie under section 151(c) for the years 2017 to 2019. Bob lived in the same house as Alice and Charlie from September 16th, 2017 until February 10th, 2018.	Section 7703(b)(3) applies to Alice maintaining her home for the year 2018.	Entailment
Alice and Bob got married on April 5th, 2012. Alice and Bob have a son, Charlie, who was born on September 16th, 2017. Alice and Charlie live in a home maintained by Alice since September 16th, 2017. Alice is entitled to a deduction for Charlie under section 151(c) for the years 2017 to 2019. Bob lived in the same house as Alice and Charlie from September 16th, 2017 until October 10th, 2018.	Section 7703(b)(3) applies to Alice maintaining her home for the year 2018.	Contradiction
Alice was paid $1200 in 2019 for services performed in jail. Alice was committed to jail from January 24, 2015 to May 5th, 2019. From May 5th 2019 to Dec 31st 2019, Alice was paid $5320 in remuneration. Alice takes the standard deduction.	How much tax does Alice have to pay in 2019?	$0
Alice and Harold got married on Sep 3rd, 1992. Harold and Alice have a son, born Jan 25th, 2000. Harold died on Feb 28th, 2016. They had been living in the same house since 1993, maintained by Alice. Alice and her son continued doing so after Harold's death. Alice's gross income for the year 2017 is $236422. Alice has employed Bob, Cameron, Dan, Emily, Fred and George for agricultural labor from Sep 9th to Oct 1st 2017, and paid them $5012 each. Alice takes the standard deduction in 2017.	How much tax does Alice have to pay in 2017?	$68844
Alice's gross income for the year 2006 is $97407. Bob's gross income for the year 2006 is $136370. Alice and Bob have been married since Feb 3rd, 2006. Bob and Alice file a joint return for 2006 and take the standard deduction.	How much tax does Bob have to pay in 2006?	$66088
Charlie is Bob's father since April 15th, 2014, and Bob has lived at Charlie's place since then. Alice is Charlie's sister since October 12th, 1992. Charlie's gross income in 2015 was $52650. In 2015, Alice's gross income was $2312. Alice takes the standard deduction in 2015.	How much tax does Alice have to pay in 2015?	$0
Alice paid Bob for agricultural labor from Feb 1st, 2019 to November 19th, 2019, paying him $27371 in 2019. On November 25th, Bob died from a heart attack. On January 20th, 2020, Alice paid Charlie, Bob's surviving spouse, Bob's outstanding wages of $24500. In 2020, Alice's gross income was $372109. Alice receives a deduction of $25000 for donating goods to a food bank.	How much tax does Alice have to pay in 2020?	$118227
In 2017, Alice's gross income was $44215. Alice and Bob have been married since Oct 10th, 2017. Alice and Bob file separately. Alice has paid $3200 in cash to Bob for work done from Feb 1st, 2017 to Sep 2nd, 2017 for agricultural labor. Alice takes the standard deduction. Alice and Bob live separately in 2017.	How much tax does Alice have to pay in 2017?	$8582
In 2017, Alice was paid $36266. Alice and Bob have been married since Feb 3rd, 2017. Alice was born March 2nd, 1950 and Bob was born March 3rd, 1951. Bob had no income in 2017. Alice and Bob file separately in 2017. Alice takes the standard deduction. Alice and Bob have the same principal place of abode in 2017.	How much tax does Alice have to pay in 2017?	$5460
In 2017, Alice was paid $33200. Alice and Bob have been married since Feb 3rd, 2017. Bob had no income in 2017. In 2017, Alice and Bob file separately, and Alice takes the standard deduction. Alice and Bob have the same principal place of abode in 2017.	How much tax does Alice have to pay in 2017?	$4938
Alice and Bob got married on Feb 3rd, 1992. Alice and Bob have a child, Charlie, born October 9th, 2000. Alice died on July 9th, 2014. From 2004 to 2019, Bob furnished the costs of maintaining the home where he and Charlie lived during that time. In 2015, Bob's gross income was $40059. Bob takes the standard deduction in 2015.	How much tax does Bob have to pay in 2015?	$4509
Charlie is Alice's father since April 15th, 1994. Bob is Charlie's brother since October 12th, 1992. Alice's gross income in 2015 is $87319. Both Charlie and Bob have no income in 2015, and are not qualifying children to any taxpayer.	How much tax does Alice have to pay in 2015?	$19801
Alice was paid $73200 in 2017 as an employee of the State of Maryland in Baltimore, Maryland, USA. Alice takes the standard deduction in 2017.	How much tax does Alice have to pay in 2017?	$16664
In 2017, Alice's gross income was $310192. Since 2014, Alice maintains a house where she and her daughter lived. Alice was married since Jan 14th, 2010 until her husband died on Nov 23rd, 2016. In 2017, Alice is allowed itemized deductions of $17890. Alice has paid $45252 to Bob for work done in the year 2017. In 2017, Alice has also paid $9832 into a retirement fund for Bob, and $5322 into health insurance for Charlie, who is Alice's father and has retired in 2016. Charlie had no income in 2017.	How much tax does Alice have to pay in 2017?	$90683
Alice and Bob got married on Feb 3rd, 1992. Alice and Bob have a child, Charlie, born October 9th, 2000. From 2004 to 2019, Bob furnished the costs of maintaining the home where Alice, Bob and Charlie lived during that time. Charlie married Dan on Feb 14th, 2018 and they file separate tax returns in 2018. Dan's principal place of abode for 2018 is different from Charlie's. Alice's gross income in 2018 was $54232, and Bob's gross income was $43245. Alice and Bob file a joint return in 2018 and take the standard deduction.	How much tax does Alice have to pay in 2018?	$15777
Alice has a son, Bob, who was born January 31st, 2014, and has lived at Alice's place since then. Alice's gross income for the year 2017 is $22895. Alice takes the standard deduction.	How much tax does Alice have to pay in 2017?	$2174
Alice and Bob got married on Feb 3rd, 1992. Alice died on July 9th, 2014. In 2014, Alice's gross income was $55431 and Bob's gross income was $64314. Bob files a joint return for himself and Alice for 2014. Bob takes the standard deduction.	How much tax does Bob have to pay in 2014?	$26549
Bob is Charlie and Dorothy's son, born on April 15th, 2015. Alice married Charlie on August 8th, 2018. Alice and Charlie's gross income in 2018 were $324311 and $414231 respectively. Alice, Bob and Charlie have the same principal place of abode in 2018. Alice and Charlie file jointly in 2018, and take the standard deduction.	How much tax does Alice have to pay in 2018?	$259487
Alice employed Bob from Jan 2nd, 2011 to Oct 10, 2019, paying him $1513 in 2019. On Oct 10, 2019 Bob was diagnosed as disabled and retired. Alice paid Bob $298 because she had to terminate their contract due to Bob's disability. In 2019, Alice's gross income was $567192. In 2019, Alice lived together with Charlie, her father, in a house that she maintains. Charlie had no income in 2019. Alice takes the standard deduction in 2019.	How much tax does Alice have to pay in 2019?	$196056
In 2017, Alice was paid $33200. Bob is Alice's father since April 15th, 1978. In 2017, Alice and Bob lived in a house that Alice maintained. In 2017, Alice takes the standard deduction. Bob had no income in 2017.	How much tax does Alice have to pay in 2017?	$3720
Alice has paid wages of $53200 to Bob for work done from Feb 1st, 2017 to Sep 2nd, 2017 for domestic service. Alice's gross income in 2017 was $921324. Alice takes the standard deduction.	How much tax does Alice have to pay in 2017?	$344848
Alice has been married since April 4th, 2015. Alice files a joint return with her spouse for 2016. Alice's and her spouse's gross income for the year 2016 is $164612. Alice has paid $4525 to Bob for work done in the year 2016. In 2016, Alice has also paid $9832 into a retirement fund for Bob, and $5322 into health insurance for Charlie, who is Alice's father and has retired in 2016. Charlie had no income in 2016. Alice and her spouse take the standard deduction.	How much tax does Alice have to pay in 2016?	$40741
In 2017, Alice's gross income was $33200. Alice and Bob have been married since Feb 3rd, 2017. Alice has been blind since October 4, 2013. Alice and Bob file jointly in 2017. Bob has no gross income in 2017. Alice and Bob take the standard deduction. Alice and Bob has the same principal place of abode from 2017 to 2020.	How much tax does Alice have to pay in 2017?	$3390
Alice's gross income for the year 2017 is $6662, Bob's income is $17896. Alice and Bob got married on Feb 3rd, 1992. From 2004 to 2019, Bob furnished the costs of maintaining the home where he and Alice lived during that time. In 2017, Alice and Bob file separate returns, and they both take the standard deduction.	How much tax does Alice have to pay in 2017?	$249
In 2017, Alice was paid $39212, and Bob had no income. Alice and Bob have been married since Feb 3rd, 2017. Alice and Bob file separately in 2017.	How much tax does Alice have to pay in 2017?	$6621
Alice's gross income in 2019 was $5723215. Alice has employed Bob from Jan 2nd, 2011 to Feb 10, 2019. Alice paid Bob $3255 in 2019. On Oct 10, 2019 Bob retired because he reached age 65. Alice paid Bob $12980 as a retirement bonus. In 2019, Alice takes the standard deduction.	How much tax does Alice have to pay in 2019?	$2242833
Alice's gross income for the year 2017 is $22895. Alice takes the standard deduction.	How much tax does Alice have to pay in 2017?	$2684
Alice's gross income for the year 2017 is $22895. In 2017, Alice takes the standard deduction. Alice has a son, Bob, who has the same principal place of abode as her in 2017 and is not married.	How much tax does Alice have to pay in 2017?	$2384
Alice and Bob got married on Feb 3rd, 1992. Alice and Bob have a child, Charlie, born October 9th, 2000. From 2004 to 2019, Bob furnished the costs of maintaining the home where he and Charlie lived during that time. From 2015 to 2018, Alice had a different principal place of abode. In 2017, Alice was paid $33200, and Bob's income was $32311. Alice was born March 2nd, 1950 and Bob was born March 3rd, 1955. In 2017, Alice and Bob file jointly and take the standard deduction.	How much tax does Alice have to pay in 2017?	$10018
Alice was born January 10th, 1992. Bob was born January 31st, 2014. Alice adopted Bob on March 4th, 2018 and Bob has lived with Alice since, in a house that Alice maintains. Alice's gross income in 2018 was $141177. Alice takes the standard deduction.	How much tax does Alice have to pay in 2018?	$32045
Alice has paid $3200 to Bob for domestic service done from Feb 1st, 2012 to Sep 2nd, 2012, in Baltimore, Maryland, USA. Bob has paid $4500 to Alice for work done from Apr 1st, 2012 to Dec 31st, 2012. Alice takes the standard deduction in 2012.	How much tax does Alice have to pay in 2012?	$192
Alice has paid $3200 to her father Bob for work done from Feb 1st, 2017 to Sep 2nd, 2017, in Baltimore, Maryland, USA. Alice and Charlie got married on April 5th, 2012. Alice and Charlie were legally separated under a decree of divorce on September 16th, 2017. Alice's gross income in 2017 was $756420. Alice takes the standard deduction.	How much tax does Alice have to pay in 2017?	$279126
Alice and Bob got married on Feb 3rd, 1992. Alice was a nonresident alien. Alice died on July 9th, 2014. Bob married Charlie on September 14th, 2015. Bob's gross income for the year 2015 is $28864, Charlie's gross income is $27953. Bob and Charlie file jointly in 2015 and take the standard deduction.	How much tax does Bob have to pay in 2015?	$8312
In 2017, Alice was paid $117192. Alice and Bob got married on Feb 3rd, 2017. Alice was a nonresident alien from August 23rd, 2016 to September 15th, 2018. Bob earned $37820 in 2017. Alice takes the standard deduction.	How much tax does Alice have to pay in 2017?	$34233
Alice was paid $200 in March 2017 for services performed at Johns Hopkins Hospital. Alice was a patient at Johns Hopkins Hospital from March 15th, 2017 to April 2nd, 2017. Bob is Alice's son since April 15th, 2014. Bob and Alice have the same principal place of abode, a house maintained by Alice. Alice takes the standard deduction in 2017.	How much tax does Alice have to pay in 2017?	$0
Alice has paid $3200 to Bob for work done from Feb 1st, 2020 to Sep 2nd, 2020 for agricultural labor. Alice paid Bob with eggs, grapes and hay. Alice has been married since 1999. Alice files a joint return with her spouse for 2020. Alice's and her spouse's gross income for the year 2020 is $103272. Alice takes the standard deduction.	How much tax does Alice have to pay in 2020?	$17399
In 2017, Alice earned $133200. Bob's income in 2017 was $44311. Alice and Bob have been married since Feb 3rd, 2017. Alice has been blind since Feb 28, 2014. Alice has paid $4525 to Charlie for work done in the year 2017. In 2017, Alice has also paid $983 into a retirement fund for Charlie, and $5322 into health insurance for Charlie, both under a plan. Alice and Bob file jointly and take the standard deduction.	How much tax does Alice have to pay in 2017?	$45946
Alice and Bob got married on Feb 3rd, 1992. Alice and Bob have a child, Charlie, born October 9th, 2000. Alice died on July 9th, 2014. From 2004 to 2018, Bob furnished the costs of maintaining the home where he and Charlie lived during that time. Charlie married Dan on Feb 14th, 2018, and they file a joint return that same year. Bob's gross income in 2018 was $132268. Bob takes the standard deduction.	How much tax does Bob have to pay in 2018?	$33068
Bob is Alice and Charlie's father. Bob had no income in 2015. Alice's gross income in 2015 is $264215. Alice takes the standard deduction.	How much tax does Alice have to pay in 2015?	$82819
Alice got married on October 9th, 2016. Alice files a joint return with her spouse for 2017. Alice's and her spouse's gross income for the year 2017 is $42876. They take the standard deduction.	How much tax does Alice have to pay in 2017?	$4931
Alice has paid $23200 in remuneration to Bob for work done from Feb 1st, 2017 to Sep 2nd, 2017, in Caracas, Venezuela, for agricultural labor. Bob is an American citizen. Alice is an American employer. In 2017, Alice maintains as her principal place of abode a house where her mother Dorothy lives. Alice's gross income for the year 2017 is $197407. Alice takes the standard deduction.	How much tax does Alice have to pay in 2017?	$55528
Alice has paid $45252 to Bob for work done in the year 2017. In 2017, Alice has also paid $9832 into a retirement fund for Bob, and $5322 into health insurance for Bob. In 2017, Alice was paid $233200. Alice takes the standard deduction.	How much tax does Alice have to pay in 2017?	$72344
Alice and Bob got married on Feb 3rd, 1998, and have a son Charlie, born April 1st, 1999. Bob died on Jan 1st, 2017. In 2019, Charlie lives at the house that Alice maintains as her principal place of abode. Alice's gross income for the year 2019 is $236422. Alice takes the standard deduction.	How much tax does Alice have to pay in 2019?	$62000
Alice's gross income in 2015 is $395276. Alice is allowed itemized deductions of $4571, $1973 and $15271.	How much tax does Alice have to pay in 2015?	$130388
Alice got married on May 30th, 2014. Alice files a joint return with her spouse for 2017 and they take the standard deduction. Alice's gross income for the year 2017 is $103272 while her spouse had no income. Alice has paid $3200 to her brother Bob for work done from Feb 1st, 2017 to Sep 2nd, 2017, in Baltimore, Maryland, USA.	How much tax does Alice have to pay in 2017?	$21635
Bob is Charlie and Dorothy's son, born April 15th, 2015. Alice married Charlie on August 8th, 2018. Alice was paid $73200 in 2020 as an employee of the United States Government in Arlington, Virginia, USA. Alice files a separate return and takes the standard deduction. Since 2019, Alice, Bob and Charlie live in a house maintained by Alice and Charlie.	How much tax does Alice have to pay in 2020?	$15236
Alice married Bob on May 29th, 2008. Their son Charlie was born October 4th, 2004. Bob died October 22nd, 2016. Alice's gross income for the year 2016 was $113580. In 2017, Alice's gross income was $567192. In 2017, Alice and Charlie lived in a house maintained by Alice. That same year, Alice is allowed a deduction of $59850 for donating cash to a charity.	How much tax does Alice have to pay in 2017?	$180610
Alice got married on Jan 6th, 2005. Alice files a joint return with her spouse for 2015. Alice's and her spouse's gross income for the year 2015 is $42876. Alice and her spouse take the standard deduction. Alice has a son, Bob, who has the same principal place of abode as her in 2015. Bob has a son, Charlie, who also has the same principal place of abode as his father in 2015.	How much tax does Alice have to pay in 2015?	$4331
Bob, Alice's father, has the same principal place of abode as Alice since 2012, and has had no income since. Alice's gross income for the year 2015 is $102268. Alice takes the standard deduction.	How much tax does Alice have to pay in 2015?	$25055
Alice married Bob on August 25th, 2011. Alice files a joint return with her husband for 2017. Alice's and Bob's gross income for the year 2017 is $22895 and they take the standard deduction. Alice is 67 years old in 2017.	How much tax does Alice have to pay in 2017?	$1844
Alice and Bob have been married since Feb 3rd, 2017. Alice was born March 2nd, 1950 and Bob was born March 3rd, 1955. Bob's gross income for the year 2019 is $113580. Alice and Bob file jointly in 2019, and take the standard deduction. Alice had no income in 2019.	How much tax does Bob have to pay in 2019?	$20298
Alice and Bob got married on Feb 3rd, 1992. Alice and Bob have a child, Charlie, born October 9th, 2000. Alice died on July 9th, 2014. From 2004 to 2019, Bob furnished the costs of maintaining the home where he and Charlie lived during that time. Bob's gross income in 2016 was $84356. Bob takes the standard deduction in 2016.	How much tax does Bob have to pay in 2016?	$16023
Alice and Bob were married from Feb 3rd, 1997 to Oct 30th, 2001. Alice's gross income for the year 2014 is $718791 and she takes the standard deduction.	How much tax does Alice have to pay in 2014?	$264225
Alice and Bob got married on Feb 3rd, 2013. Alice died on July 9th, 2014. Alice was a nonresident alien. From 2004 to 2019, Bob furnished the costs of maintaining the home where he and and his father Charlie lived during that time. Charlie had no income from 2015 to 2019. Bob's gross income in 2015 was $678323. Bob takes the standard deduction in 2015.	How much tax does Bob have to pay in 2015?	$245359
Alice has a brother, Bob, who was born January 31st, 2014 and has always lived at his parents' place. In 2016, Alice's gross income was $567192. Alice got married on Jan 12, 2016. Her husband had no income in 2016. Alice does not file a joint return. Alice has itemized deductions of $100206.	How much tax does Alice have to pay in 2016?	$178147
In 2017, Alice was paid $433320 in remuneration. Alice and Bob got married on Jan 1st, 2015. Bob's gross income for 2017 is $532134. Alice and Bob file a joint return for the year 2017 and take the standard deduction.	How much tax does Alice have to pay in 356472?	$356472
Bob is Alice's father. Alice has paid $2561 to Bob for work done from Feb 1st, 2013 to Sep 2nd, 2013, in Baltimore, Maryland, USA. Alice's gross income in 2013 is $42384. Alice takes the standard deduction in 2013.	How much tax does Alice have to pay in 2013?	$7595
Alice's and Bob's gross incomes for the year 2013 are $71879 and $11213 respectively. Alice and Bob got married on Feb 3rd, 1992. Alice and Bob have a child, Charlie, born October 9th, 2000. From 2004 to 2019, Bob furnished 40% of the costs of maintaining the home where he and Charlie lived during that time, and Alice furnished the remaining costs. In 2013, Alice and Bob file jointly and take the standard deduction.	How much tax does Alice have to pay in 2013?	$15109
Alice was paid $200 in March 2017 for services performed at Johns Hopkins Hospital. Alice was a patient at Johns Hopkins Hospital from March 15th, 2017 to April 2nd, 2017. In 2017, Alice was also paid $31220 in remuneration. Alice takes the standard deduction.	How much tax does Alice have to pay in 2017?	$4525
Alice shares a house with her father Bob since 2007. Alice pays for 75% of the costs of the house, while Charlie, her brother, pays for the remaining 25%. Alice's gross income for the year 2012 was $67285 and Charlie's was $56174. Alice is allowed itemized deductions of $17817.	How much tax does Alice have to pay in 2012?	$8883
Alice's gross income for the year 2023 is $54775. In 2023, Bob, the son of her son Charlie, lives at her place, a house that she maintains. Bob has no income in 2023. Alice takes the standard deduction.	How much tax does Alice have to pay in 2023?	$6449
Alice and Bob got married on April 5th, 2012. Alice and Bob have a son, Charlie, who was born on September 16th, 2017. Alice and Charlie live in a home maintained by Alice since September 16th, 2017. Alice's gross income in 2019 is $73124. Alice and Bob file separate returns. Alice takes the standard deduction. In 2019, Bob has a different principal place of abode than Alice and Charlie.	How much tax does Alice have to pay in 2019?	$14470
Alice and Bob have been married since Feb 3rd, 2017. Alice files a joint return with her spouse for 2020. Alice's gross income for the year 2020 is $103272. Bob earned $10 in 2020. Alice and Bob take the standard deduction.	How much tax does Bob have to pay in 2020?	$17402
Alice and Bob got married on Sep 12nd, 1998. Their son Charlie was born October 1st, 2013. Bob passed away March 2nd, 2015. In 2017, Alice and Charlie live at a house maintained by Alice. Alice's gross income for the year 2017 was $70117. Alice takes the standard deduction in 2017.	How much tax does Alice have to pay in 2017?	$12036
In 2012, Alice was paid $54268 in remuneration and takes the standard deduction. In addition, Alice has paid $11571 to Bob for work done from Feb 1st, 2012 to Sep 2nd, 2012, in Caracas, Venezuela. Bob is an American citizen. Alice is not an American employer.	How much tax does Alice have to pay in 2012?	$10922
In 2012, Alice was paid $54268 in remuneration. In addition, Alice has paid $11571 to Bob for work done from Feb 1st, 2012 to Sep 2nd, 2012, in Caracas, Venezuela. Alice is an American employer, and Bob is an American citizen. Bob takes the standard deduction in 2012.	How much tax does Bob have to pay in 2012?	$986
In 2016, Alice's gross income was $567192. Alice has employed Bob, Cameron, Dan, Emily, Fred and George for agricultural labor on various occasions during the year 2016: - Jan 24: B, C, D, E and F - Feb 4: B, C and F - Mar 3: B, C, D, E and F - Mar 19: C, D, E, F and G - Apr 2: B, C, D, F and G - May 9: C, D, E, F and G - Oct 15: B, C, D, E and G - Oct 25: B, E, F and G - Nov 8: B, C, E, F and G - Nov 22: B, C, D, E and F - Dec 1: B, C, D, E and G - Dec 3: B, C, D, E and G On each occasion, Alice paid each of them $550. Alice takes the standard deduction in 2016.	How much tax does Alice have to pay in 2016?	$206073
Bob and Alice got married on Feb 3rd, 1992. Bob and Alice have a child, Charlie, born October 9th, 2000. Bob died on July 9th, 2014. From 2004 to 2019, Alice furnished the costs of maintaining the home where he and Charlie lived during that time. Alice's gross income for the year 2017 is $25561. Alice takes the standard deduction.	How much tax does Alice have to pay in 2017?	$2574
In 2019, Alice was paid $34510. Alice has a brother, Charlie, whose son Bob lived at Alice's place in 2019, a house that she maintains. In 2019, Charlie had a different principal place of abode, and Bob had no income. Alice takes the standard deduction in 2019.	How much tax does Alice have to pay in 2019?	$2477
Alice and Charlie have a son, Bob. From September 1st, 2015 to November 3rd, 2019, Alice, Bob and Charlie lived in the same home. Alice and Charlie got married on Feb 3rd, 1992. Alice is a nonresident alien. In 2018, Alice earned $643531. Charlie had no income in 2018. Alice takes the standard deduction.	How much tax does Alice have to pay in 2018?	$243103
Alice and Bob got married on Sep 22nd, 2005. Their son Charlie was born Jan 10th, 2002. Bob passed away at the end of 2010. In 2011, Alice paid for her and Charlie's housing, a house that they shared. In 2011, Alice's gross income was $25561 and she took the standard deduction.	How much tax does Alice have to pay in 2011?	$2334
In 2018, Alice was paid $3200. Alice and Bob have been married since Feb 3rd, 2017. Alice and Bob file separate returns and each take their standard deduction. Bob had no income in 2018. Alice has been blind since March 20, 2016. Alice was enrolled at Johns Hopkins University and attending classes from August 29, 2015 to May 30th, 2019.	How much tax does Alice have to pay in 2018?	$0
Alice and Bob got married on April 5th, 2012. Alice and Bob have a son, Charlie, who was born on September 16th, 2017. Alice and Charlie live in a home for which Alice furnished 40% of the maintenance costs, and Bob the remaining 60%, since September 16th, 2017. Alice and Bob file jointly from 2017 to 2019. Alice and Bob's incomes in 2018 were $36991 and $41990 respectively. Alice and Bob take the standard deduction. From 2017 to 2019, Bob lived separately.	How much tax does Alice have to pay in 2018?	$10598
Alice and Bob got married on Feb 3rd, 1992. Alice died on July 9th, 2014. From 2015 to 2019, Bob furnished the costs of maintaining the home where he and and his friend Charlie lived during that time, while Charlie had no income and was not the qualifying child of any taxpayer. Bob earned $304598 every year from 2015 to 2019.	How much tax does Bob have to pay in 2018?	$96641
Alice got married on June 2nd, 2006. Alice files a joint return with her spouse for 2017. Alice's and her spouse's gross income for the year 2017 is $684642. They take the standard deduction in 2017. Alice has employed Bob, Cameron, Dan, Emily, Fred and George for agricultural labor on various occasions during the year 2017: - Jan 24: B, C, D, E and F - Feb 4: B, C and F - Mar 3: B, C, D, E and F - Mar 19: C, D, E, F and G - Apr 2: B, C, D, F and G - May 9: C, D, E, F and G - Oct 15: B, C, D, E and G - Oct 25: B, E, F and G - Nov 8: B, C, E, F and G - Nov 22: B, C, D, E and F - Dec 1: B, C, D, E and G - Dec 3: B, C, D, E and G Alice has paid each $632 on each occasion.	How much tax does Alice have to pay in 2017?	$247432
Alice has paid $300 to Bob for work done from Feb 1st, 2010 to Sep 2nd, 2010, in Baltimore, Maryland, USA for domestic service in her home. In 2010, Alice was paid $33408. Alice is allowed itemized deductions of $680, $2102, $1993 and $4807.	How much tax does Alice have to pay in 2010?	$3274
Bob is Alice's father. Alice's gross income in 2015 is $311510. Bob has no income in 2015. Alice takes the standard deduction in 2015.	How much tax does Alice have to pay in 2015?	$102150
Alice's gross income for the year 2010 is $210204. Alice has paid $45252 to Bob for work done in the year 2010. In 2010, Alice has also paid $9832 into a retirement fund for Bob, and $5322 into health insurance for Charlie, who is Alice's father and has retired in 2009. Bob has no income in 2010. Alice takes the standard deduction.	How much tax does Alice have to pay in 2010?	$63345
Alice and Bob got married on Aug 6th, 2010. Their son Charlie was born February 2nd, 2012. Alice and Bob were legally separated under a decree of divorce on March 2nd, 2015. In 2017, Alice and Charlie live at a house maintained by Alice. Alice's gross income for the year 2017 is $9560. Alice takes the standard deduction.	How much tax does Alice have to pay in 2017?	$174
Alice's income for the year 2003 is $54313. Alice and Bob have been married since Feb 3rd, 1985. Bob had no income in 2003. Bob and Alice file a joint return for 2003 and take the standard deduction.	How much tax does Alice have to pay in 2003?	$7611
Alice has a son, Bob, who in 2015 lives with her at the house she maintains as her home. Alice was paid $73200 in 2015 as an employee of Bertha's Mussels in Baltimore, Maryland, USA. Alice takes the standard deduction.	How much tax does Alice have to pay in 2015?	$14296
In 2017, Alice was paid $75845. Alice has a son, Bob. From September 1st, 2015 to November 3rd, 2019, Alice and Bob lived in the same home, which Alice maintained. In 2017, Alice takes the standard deduction.	How much tax does Alice have to pay in 2017?	$15037
